id,name,start_x,end_x,start_y,end_y,monster_amount,drop_rate,unique_rate,underwater,makable,teleportable,escapable,resurrection,painwand,penalty,take_pets,recall_pets,usable_item,usable_skill
0,Talking Island,32256,32767,32768,33279,1,1,1,0,1,1,1,1,1,1,1,1,1,1
1,Talking Island Dungeon 1F,32576,32831,32704,32959,1,1,1,0,0,1,1,1,1,1,1,1,1,1
2,Talking Island Dungeon 2F,32576,32895,32704,32959,1,1,1,0,0,0,1,1,1,1,1,1,1,1
3,Gunter\'s House,32576,32831,32704,32959,1,1,1,0,0,1,1,1,1,1,1,1,1,1
4,Orcish Forest,32448,34303,32064,33599,1,1,1,0,1,1,1,1,1,1,1,1,1,1
5,Talking Island Ship to Aden Mainland,32704,32767,32768,32831,1,1,1,0,0,0,1,1,0,1,1,1,1,1
6,Aden Mainland Ship to Talking Island,32704,32831,32768,32831,1,1,1,0,0,0,1,1,0,1,1,1,1,1
7,Mainland Dungeon 1F,32640,32895,32640,32895,1,1,1,0,0,1,1,1,1,1,1,1,1,1
8,Mainland Dungeon 2F,32640,32895,32640,32895,1,1,1,0,0,1,1,1,1,1,1,1,1,1
9,Mainland Dungeon 3F,32640,32895,32640,32895,1,1,1,0,0,1,1,1,1,1,1,1,1,1
10,Mainland Dungeon 4F,32640,32831,32640,32895,1,1,1,0,0,1,1,1,1,1,1,1,1,1
11,Mainland Dungeon 5F,32640,32895,32640,32895,1,1,1,0,0,1,1,1,1,1,1,1,1,1
12,Mainland Dungeon 6F,32640,32895,32640,32895,1,1,1,0,0,1,1,1,1,1,1,1,1,1
13,Mainland Dungeon 7F,32640,32895,32640,32895,1,1,1,0,0,1,1,1,1,1,1,1,1,1
14,Underground Passage,32512,33023,32704,32895,1,1,1,0,0,1,1,1,1,1,1,1,1,1
15,Kent Inner Castle,32704,32767,32768,32831,1,1,1,0,0,1,1,1,1,1,1,1,1,1
16,Hardin\'s Lab,32704,32831,32704,32895,1,1,1,0,0,1,1,1,1,1,1,1,1,1
17,Nerupa\'s Cave,32704,32767,32768,32831,1,1,1,0,0,1,1,1,1,1,1,1,1,1
18,Dupelgenon Dungeon,32704,32767,32768,32831,1,1,1,0,0,1,1,1,1,1,1,1,1,1
19,Elven Dungeon 1F,32704,32895,32640,32895,1,1,1,0,0,1,1,1,1,1,1,1,1,1
20,Elven Dungeon 2F,32704,32831,32704,32831,1,1,1,0,0,1,1,1,1,1,1,1,1,1
21,Elven Dungeon 3F,32640,32831,32704,32895,1,1,1,0,0,0,1,1,1,1,1,1,1,1
22,Gerard Test Dungeon,32640,32895,32640,32895,1,1,1,0,0,1,1,1,1,1,1,1,1,1
23,Windawood Castle Dungeon 1F,32640,32895,32640,32895,1,1,1,0,0,1,1,1,1,1,1,1,1,1
24,Windawood Castle Dungeon 2F,32640,32895,32640,32895,1,1,1,0,0,1,1,1,1,1,1,1,1,1
25,Silver Knight Town Caves 1F,32704,32895,32704,32831,1,1,1,0,0,1,1,1,1,1,1,1,1,1
26,Silver Knight Town Caves 2F,32704,32895,32640,32895,1,1,1,0,0,1,1,1,1,1,1,1,1,1
27,Silver Knight Town Caves 3F,32640,32895,32704,32895,1,1,1,0,0,1,1,1,1,1,1,1,1,1
28,Silver Knight Town Caves 4F,32640,32895,32704,32895,1,1,1,0,0,1,1,1,1,1,1,1,1,1
29,Windawood Inner Castle,32704,32767,32768,32831,1,1,1,0,0,1,1,1,1,1,1,1,1,1
30,Dragon Valley Caves 1F,32640,32895,32640,32895,1,1,1,0,0,1,1,1,1,1,1,1,1,1
31,Dragon Valley Caves 2F,32640,32895,32640,32895,1,1,1,0,0,1,1,1,1,1,1,1,1,1
32,Dragon Valley Caves 3F,32576,32831,32704,32959,1,1,1,0,0,1,1,1,1,1,1,1,1,1
33,Dragon Valley Caves 4F,32576,32831,32704,32959,1,1,1,0,0,1,1,1,1,1,1,1,1,1
34,Hall of Honor,32640,32831,32704,32895,1,1,1,0,0,1,0,1,1,1,1,1,1,1
35,Dragon Valley Caves 5F,32576,32831,32704,32959,1,1,1,0,0,1,1,1,1,1,1,1,1,1
36,Dragon Valley Caves 6F,32576,32831,32704,32959,1,1,1,0,0,1,1,1,1,1,1,1,1,1
37,Dragon Valley Caves 7F Lair of Antharas,32576,32831,32704,32959,1,1,1,0,0,0,0,1,1,1,1,1,1,1
38,Hall of Honor,32640,32831,32704,32895,1,1,1,0,0,0,0,1,0,1,1,1,1,1
39,Hall of Honor,32640,32831,32704,32895,1,1,1,0,0,0,0,1,0,1,1,1,1,1
40,Hall of Honor,32640,32831,32704,32895,1,1,1,0,0,0,0,1,0,1,1,1,1,1
41,Hall of Honor,32640,32831,32704,32895,1,1,1,0,0,0,0,1,0,1,1,1,1,1
42,\N,32512,32831,32704,33023,1,1,1,0,0,0,0,1,0,1,0,0,1,1
43,Ant Caves,32704,32831,32704,32831,1,1,1,0,0,1,1,1,1,1,1,1,1,1
44,Ant Caves,32704,32831,32704,32831,1,1,1,0,0,1,1,1,1,1,1,1,1,1
45,Ant Caves,32704,32831,32704,32831,1,1,1,0,0,1,1,1,1,1,1,1,1,1
46,Ant Caves,32704,32831,32704,32831,1,1,1,0,0,1,1,1,1,1,1,1,1,1
47,Ant Caves,32704,32831,32704,32831,1,1,1,0,0,1,1,1,1,1,1,1,1,1
48,Ant Caves,32704,32831,32704,32831,1,1,1,0,0,1,1,1,1,1,1,1,1,1
49,Ant Caves,32704,32831,32704,32831,1,1,1,0,0,1,1,1,1,1,1,1,1,1
50,Ant Caves,32704,32831,32704,32831,1,1,1,0,0,1,1,1,1,1,1,1,1,1
51,Ant Caves,32640,32831,32704,32895,1,1,1,0,0,1,1,1,1,1,1,1,1,1
52,Giran Inner Castle,32640,32767,32768,32895,1,1,1,0,0,1,1,1,1,1,1,1,1,1
53,Giran Prison 1F,32640,32895,32640,32895,1,1,1,0,0,1,1,1,1,1,1,1,1,1
54,Giran Prison 2F,32640,32895,32640,32895,1,1,1,0,0,1,1,1,1,1,1,1,1,1
55,Giran Prison 3F,32640,32831,32704,32959,1,1,1,0,0,1,1,1,1,1,1,1,1,1
56,Giran Prison 4F,32640,32895,32640,32895,1,1,1,0,0,1,1,1,1,1,1,1,1,1
57,Ice Country1,32576,33023,32512,32959,1,1,1,0,0,1,1,1,0,1,0,0,1,1
58,Fire Country1,32512,32831,32704,33023,1,1,1,0,0,1,1,1,0,1,0,0,1,1
59,Heine Dungeon 1F,32640,32831,32768,32895,1,1,1,0,0,1,1,1,1,1,1,1,1,1
60,Heine Dungeon 2F,32640,32767,32768,32959,1,1,1,0,0,1,1,1,1,1,1,1,1,1
61,Heine Dungeon 3F,32640,32767,32768,32895,1,1,1,0,0,1,1,1,1,1,1,1,1,1
62,Sanctuary of Eva,32640,32767,32768,32895,1,1,1,0,0,1,1,1,1,1,1,1,1,1
63,Kingdom of Eva,32576,32895,32640,32959,1,1,1,1,0,1,1,1,1,1,0,0,1,1
64,Heine Inner Castle,32512,32639,32768,32895,1,1,1,0,0,1,1,1,1,1,1,1,1,1
65,Lair of Fafurion,32704,32831,32768,32895,1,1,1,1,0,0,0,1,1,1,0,0,1,1
66,Iron Gate Guild Inner Castle,32704,32895,32768,32959,1,1,1,0,0,0,1,1,1,1,1,1,1,1
67,Lair of Valakas,32640,32831,32704,32895,1,1,1,0,0,0,0,1,1,1,1,1,1,1
68,Singing Island,32576,33023,32512,32959,1,1,1,0,0,1,1,1,1,1,1,1,1,1
69,Hidden Valley,32512,32831,32704,33023,1,1,1,0,0,1,1,1,1,1,1,1,1,1
70,Forgotten Island,32576,33023,32640,33087,1,1,1,0,0,0,0,1,1,1,1,1,1,1
72,Crystal Cavern 1F,32704,32895,32768,32895,1,1,1,0,0,1,1,1,1,1,1,1,1,1
73,Crystal Cavern 2F,32704,32959,32704,32959,1,1,1,0,0,1,1,1,1,1,1,1,1,1
74,Crystal Cavern 3F,32704,32895,32768,32959,1,1,1,0,0,1,1,1,1,1,1,1,1,1
75,Ivory Tower 1F,32704,32831,32768,32959,1,1,1,0,0,1,1,1,1,1,1,1,1,1
76,Ivory Tower 2F,32704,32831,32768,32895,1,1,1,0,0,1,1,1,1,1,1,1,1,1
77,Ivory Tower 3F,32704,32831,32768,32895,1,1,1,0,0,1,1,1,1,1,1,1,1,1
78,Ivory Tower 4F Inanimate object Laboratory,32832,32959,32704,32831,1,1,1,0,0,0,1,1,1,1,1,1,1,1
79,Ivory Tower 5F Black magic Laboratory,32704,32831,32768,32895,1,1,1,0,0,0,1,1,1,1,1,1,1,1
80,Ivory Tower 6F Monster Seal room,32704,32831,32768,32895,1,1,1,0,0,0,1,1,1,1,1,1,1,1
81,Ivory Tower 7F Monster Seal room,32704,32831,32768,32895,1,1,1,0,0,0,1,1,1,1,1,1,1,1
82,Ivory Tower 8F Demon Seal room,32640,32767,32768,32895,1,1,1,0,0,0,1,1,1,1,1,1,1,1
83,Aden Mainland Ship to Forgotten Island,32704,32831,32768,32831,1,1,1,0,0,0,1,1,0,1,1,1,1,1
84,Forgotten Island Ship to Aden Mainland,32704,32767,32768,32831,1,1,1,0,0,0,1,1,0,1,1,1,1,1
85,Singing Island Dungeon,32512,32831,32640,32959,1,1,1,0,0,1,1,1,0,1,1,1,1,1
86,Hidden Valley Dungeon,32768,33023,32704,32895,1,1,1,0,0,1,1,1,0,1,1,1,1,1
87,Pago\'s Room,32704,32767,32768,32831,1,1,1,0,0,0,1,1,1,1,1,1,1,1
88,Giran Arena,33472,33599,32640,32767,1,1,1,0,0,0,1,0,1,1,1,0,1,1
89,Giran Arena,32640,32767,32832,32959,1,1,1,0,0,0,1,0,1,1,1,0,1,1
90,Giran Arena,32640,32767,32832,32959,1,1,1,0,0,0,0,0,1,1,1,0,1,1
91,Talking Island Arena,32640,32767,32832,32959,1,1,1,0,0,0,1,0,1,1,0,0,1,1
92,Gludio Arena,32640,32767,32832,32959,1,1,1,0,0,0,1,0,1,1,0,0,1,1
93,Kent Arena,32640,32767,32832,32959,1,1,1,0,0,0,1,0,1,1,1,0,1,1
94,Windawood Arena,32640,32767,32832,32959,1,1,1,0,0,0,1,0,1,1,1,0,1,1
95,Silver Knight Arena,32640,32767,32832,32959,1,1,1,0,0,0,1,0,1,1,0,0,1,1
96,Lair of Valakas Arena,32640,32767,32832,32959,1,1,1,0,0,0,1,0,1,1,1,0,1,1
97,Heine Arena,32640,32767,32832,32959,1,1,1,0,0,0,1,0,1,1,1,0,1,1
98,Werldern Arena,32640,32767,32832,32959,1,1,1,0,0,0,1,0,1,1,0,0,1,1
99,GM Room,32704,32767,32768,32831,1,1,1,0,0,0,0,1,0,1,0,0,1,1
100,\N,32704,32831,32768,32895,1,1,1,0,0,0,1,1,0,1,0,0,1,1
101,Tower of Insolence 1F,32704,32895,32704,32895,1,1,1,0,0,0,1,1,1,1,1,1,1,1
102,Tower of Insolence 2F,32704,32895,32704,32895,1,1,1,0,0,0,1,1,1,1,1,1,1,1
103,Tower of Insolence 3F,32704,32895,32704,32895,1,1,1,0,0,0,1,1,1,1,1,1,1,1
104,Tower of Insolence 4F,32576,32767,32768,32959,1,1,1,0,0,0,1,1,1,1,1,1,1,1
105,Tower of Insolence 5F,32576,32767,32768,32959,1,1,1,0,0,0,1,1,1,1,1,1,1,1
106,Tower of Insolence 6F,32576,33855,32768,32959,1,1,1,0,0,0,1,1,1,1,1,1,1,1
107,Tower of Insolence 7F,32576,32767,32768,32959,1,1,1,0,0,0,1,1,1,1,1,1,1,1
108,Tower of Insolence 8F,32576,32767,32768,32959,1,1,1,0,0,0,1,1,1,1,1,1,1,1
109,Tower of Insolence 9F,32576,32767,32768,32959,1,1,1,0,0,0,1,1,1,1,1,1,1,1
110,Tower of Insolence 10F,32704,32895,32704,32895,1,1,1,0,0,0,1,1,1,1,1,1,1,1
111,Tower of Insolence 11F,32576,32767,32768,32959,1,1,1,0,0,0,1,1,1,1,1,1,1,1
112,Tower of Insolence 12F,32704,32895,32704,32895,1,1,1,0,0,0,1,1,1,1,1,1,1,1
113,Tower of Insolence 13F,32704,32895,32704,32895,1,1,1,0,0,0,1,1,1,1,1,1,1,1
114,Tower of Insolence 14F,32576,32767,32768,32959,1,1,1,0,0,0,1,1,1,1,1,1,1,1
115,Tower of Insolence 15F,32576,32767,32768,32959,1,1,1,0,0,0,1,1,1,1,1,1,1,1
116,Tower of Insolence 16F,32704,32831,32832,32895,1,1,1,0,0,0,1,1,1,1,1,1,1,1
117,Tower of Insolence 17F,32576,32767,32768,32959,1,1,1,0,0,0,1,1,1,1,1,1,1,1
118,Tower of Insolence 18F,32576,32767,32768,32959,1,1,1,0,0,0,1,1,1,1,1,1,1,1
119,Tower of Insolence 19F,32576,32767,32768,32959,1,1,1,0,0,0,1,1,1,1,1,1,1,1
120,Tower of Insolence 20F,32704,32895,32704,32895,1,1,1,0,0,0,1,1,1,1,1,1,1,1
121,Tower of Insolence 21F,32576,32767,32768,32959,1,1,1,0,0,0,1,1,1,1,1,1,1,1
122,Tower of Insolence 22F,32704,32895,32704,32895,1,1,1,0,0,0,1,1,1,1,1,1,1,1
123,Tower of Insolence 23F,32704,32895,32704,32895,1,1,1,0,0,0,1,1,1,1,1,1,1,1
124,Tower of Insolence 24F,32576,32767,32768,32959,1,1,1,0,0,0,1,1,1,1,1,1,1,1
125,Tower of Insolence 25F,32576,32767,32768,32959,1,1,1,0,0,0,1,1,1,1,1,1,1,1
126,Tower of Insolence 26F,32704,32831,32832,32895,1,1,1,0,0,0,1,1,1,1,1,1,1,1
127,Tower of Insolence 27F,32576,32767,32768,32959,1,1,1,0,0,0,1,1,1,1,1,1,1,1
128,Tower of Insolence 28F,32576,32767,32768,32959,1,1,1,0,0,0,1,1,1,1,1,1,1,1
129,Tower of Insolence 29F,32576,32767,32768,32959,1,1,1,0,0,0,1,1,1,1,1,1,1,1
130,Tower of Insolence 30F,32704,32895,32704,32895,1,1,1,0,0,0,1,1,1,1,1,1,1,1
131,Tower of Insolence 31F,32576,32767,32768,32959,1,1,1,0,0,0,1,1,1,1,1,1,1,1
132,Tower of Insolence 32F,32704,32895,32704,32895,1,1,1,0,0,0,1,1,1,1,1,1,1,1
133,Tower of Insolence 33F,32704,32895,32704,32895,1,1,1,0,0,0,1,1,1,1,1,1,1,1
134,Tower of Insolence 34F,32576,32767,32768,32959,1,1,1,0,0,0,1,1,1,1,1,1,1,1
135,Tower of Insolence 35F,32576,32767,32768,32959,1,1,1,0,0,0,1,1,1,1,1,1,1,1
136,Tower of Insolence 36F,32704,32831,32832,32895,1,1,1,0,0,0,1,1,1,1,1,1,1,1
137,Tower of Insolence 37F,32576,32767,32768,32959,1,1,1,0,0,0,1,1,1,1,1,1,1,1
138,Tower of Insolence 38F,32576,32767,32768,32959,1,1,1,0,0,0,1,1,1,1,1,1,1,1
139,Tower of Insolence 39F,32576,32767,32768,32959,1,1,1,0,0,0,1,1,1,1,1,1,1,1
140,Tower of Insolence 40F,32704,32895,32704,32895,1,1,1,0,0,0,1,1,1,1,1,1,1,1
141,Tower of Insolence 41F,32576,32767,32768,32959,1,1,1,0,0,0,1,1,1,1,1,1,1,1
142,Tower of Insolence 42F,32704,32895,32704,32895,1,1,1,0,0,0,1,1,1,1,1,1,1,1
143,Tower of Insolence 43F,32704,32895,32704,32895,1,1,1,0,0,0,1,1,1,1,1,1,1,1
144,Tower of Insolence 44F,32576,32767,32768,32959,1,1,1,0,0,0,1,1,1,1,1,1,1,1
145,Tower of Insolence 45F,32576,32767,32768,32959,1,1,1,0,0,0,1,1,1,1,1,1,1,1
146,Tower of Insolence 46F,32576,32831,32768,32959,1,1,1,0,0,0,1,1,1,1,1,1,1,1
147,Tower of Insolence 47F,32576,32767,32768,32959,1,1,1,0,0,0,1,1,1,1,1,1,1,1
148,Tower of Insolence 48F,32576,32767,32768,32959,1,1,1,0,0,0,1,1,1,1,1,1,1,1
149,Tower of Insolence 49F,32576,32767,32768,32959,1,1,1,0,0,0,1,1,1,1,1,1,1,1
150,Tower of Insolence 50F,32704,32895,32704,32895,1,1,1,0,0,0,1,1,1,1,1,1,1,1
151,Tower of Insolence 51F,32576,32767,32768,32959,1,1,1,0,0,0,1,1,1,1,1,1,1,1
152,Tower of Insolence 52F,32576,32767,32768,32959,1,1,1,0,0,0,1,1,1,1,1,1,1,1
153,Tower of Insolence 53F,32576,32767,32768,32959,1,1,1,0,0,0,1,1,1,1,1,1,1,1
154,Tower of Insolence 54F,32704,32895,32704,32895,1,1,1,0,0,0,1,1,1,1,1,1,1,1
155,Tower of Insolence 55F,32704,32895,32704,32895,1,1,1,0,0,0,1,1,1,1,1,1,1,1
156,Tower of Insolence 56F,32704,32831,32768,32831,1,1,1,0,0,0,1,1,1,1,1,1,1,1
157,Tower of Insolence 57F,32576,32767,32768,32959,1,1,1,0,0,0,1,1,1,1,1,1,1,1
158,Tower of Insolence 58F,32576,32767,32768,32959,1,1,1,0,0,0,1,1,1,1,1,1,1,1
159,Tower of Insolence 59F,32576,32767,32768,32959,1,1,1,0,0,0,1,1,1,1,1,1,1,1
160,Tower of Insolence 60F,32576,32767,32768,32959,1,1,1,0,0,0,1,1,1,1,1,1,1,1
161,Tower of Insolence 61F,32576,32767,32768,32959,1,1,1,0,0,0,1,1,1,1,1,1,1,1
162,Tower of Insolence 62F,32576,32767,32768,32959,1,1,1,0,0,0,1,1,1,1,1,1,1,1
163,Tower of Insolence 63F,32576,32767,32768,32959,1,1,1,0,0,0,1,1,1,1,1,1,1,1
164,Tower of Insolence 64F,32704,32895,32704,32895,1,1,1,0,0,0,1,1,1,1,1,1,1,1
165,Tower of Insolence 65F,32704,32895,32704,32895,1,1,1,0,0,0,1,1,1,1,1,1,1,1
166,Tower of Insolence 66F,32704,32831,32768,32831,1,1,1,0,0,0,1,1,1,1,1,1,1,1
167,Tower of Insolence 67F,32576,32767,32768,32959,1,1,1,0,0,0,1,1,1,1,1,1,1,1
168,Tower of Insolence 68F,32576,32767,32768,32959,1,1,1,0,0,0,1,1,1,1,1,1,1,1
169,Tower of Insolence 69F,32576,32767,32768,32959,1,1,1,0,0,0,1,1,1,1,1,1,1,1
170,Tower of Insolence 70F,32576,32767,32768,32959,1,1,1,0,0,0,1,1,1,1,1,1,1,1
171,Tower of Insolence 71F,32576,32767,32768,32959,1,1,1,0,0,0,1,1,1,1,1,1,1,1
172,Tower of Insolence 72F,32576,32767,32768,32959,1,1,1,0,0,0,1,1,1,1,1,1,1,1
173,Tower of Insolence 73F,32576,32767,32768,32959,1,1,1,0,0,0,1,1,1,1,1,1,1,1
174,Tower of Insolence 74F,32704,32895,32704,32895,1,1,1,0,0,0,1,1,1,1,1,1,1,1
175,Tower of Insolence 75F,32704,32895,32704,32895,1,1,1,0,0,0,1,1,1,1,1,1,1,1
176,Tower of Insolence 76F,32704,32831,32768,32831,1,1,1,0,0,0,1,1,1,1,1,1,1,1
177,Tower of Insolence 77F,32576,32767,32768,32959,1,1,1,0,0,0,1,1,1,1,1,1,1,1
178,Tower of Insolence 78F,32576,32767,32768,32959,1,1,1,0,0,0,1,1,1,1,1,1,1,1
179,Tower of Insolence 79F,32576,32767,32768,32959,1,1,1,0,0,0,1,1,1,1,1,1,1,1
180,Tower of Insolence 80F,32576,32767,32768,32959,1,1,1,0,0,0,1,1,1,1,1,1,1,1
181,Tower of Insolence 81F,32576,32767,32768,32959,1,1,1,0,0,0,1,1,1,1,1,1,1,1
182,Tower of Insolence 82F,32576,32767,32768,32959,1,1,1,0,0,0,1,1,1,1,1,1,1,1
183,Tower of Insolence 83F,32576,32767,32768,32959,1,1,1,0,0,0,1,1,1,1,1,1,1,1
184,Tower of Insolence 84F,32704,32895,32704,32895,1,1,1,0,0,0,1,1,1,1,1,1,1,1
185,Tower of Insolence 85F,32704,32895,32704,32895,1,1,1,0,0,0,1,1,1,1,1,1,1,1
186,Tower of Insolence 86F,32704,32831,32768,32831,1,1,1,0,0,0,1,1,1,1,1,1,1,1
187,Tower of Insolence 87F,32576,32767,32768,32959,1,1,1,0,0,0,1,1,1,1,1,1,1,1
188,Tower of Insolence 88F,32576,32767,32768,32959,1,1,1,0,0,0,1,1,1,1,1,1,1,1
189,Tower of Insolence 89F,32576,32767,32768,32959,1,1,1,0,0,0,1,1,1,1,1,1,1,1
190,Tower of Insolence 90F,32576,32767,32768,32959,1,1,1,0,0,0,1,1,1,1,1,1,1,1
191,Tower of Insolence 91F,32576,32767,32768,32959,1,1,1,0,0,0,1,1,1,1,1,1,1,1
192,Tower of Insolence 92F,32576,32767,32768,32959,1,1,1,0,0,0,1,1,1,1,1,1,1,1
193,Tower of Insolence 93F,32576,32767,32768,32959,1,1,1,0,0,0,1,1,1,1,1,1,1,1
194,Tower of Insolence 94F,32704,32895,32704,32895,1,1,1,0,0,0,1,1,1,1,1,1,1,1
195,Tower of Insolence 95F,32704,32895,32704,32895,1,1,1,0,0,0,1,1,1,1,1,1,1,1
196,Tower of Insolence 96F,32704,32831,32768,32831,1,1,1,0,0,0,1,1,1,1,1,1,1,1
197,Tower of Insolence 97F,32576,32767,32768,32959,1,1,1,0,0,0,1,1,1,1,1,1,1,1
198,Tower of Insolence 98F,32576,32767,32768,32959,1,1,1,0,0,0,1,1,1,1,1,1,1,1
199,Tower of Insolence 99F,32576,32767,32768,32959,1,1,1,0,0,0,1,1,1,1,1,1,1,1
200,Tower of Insolence 100F,32576,32831,32768,33023,1,1,1,0,0,0,0,1,1,1,1,1,1,1
201,Mage Quest Dungeon,32640,33535,32704,32959,1,1,1,0,0,0,1,1,1,1,1,1,1,1
202,Mage Quest Dungeon,32640,33535,32704,32895,1,1,1,0,0,0,1,1,1,1,1,1,1,1
203,Mage Quest Dungeon,32640,33535,32704,32895,1,1,1,0,0,0,1,1,1,1,1,1,1,1
204,Mage Quest Dungeon,32640,33535,32704,32895,1,1,1,0,0,0,1,1,1,1,1,1,1,1
205,\N,32640,33535,32704,32895,1,1,1,0,0,1,1,1,0,1,1,1,1,1
206,\N,32640,33535,32704,32895,1,1,1,0,0,1,1,1,0,1,1,1,1,1
207,\N,32640,33535,32704,32895,1,1,1,0,0,1,1,1,0,1,1,1,1,1
208,\N,32640,33535,32704,32895,1,1,1,0,0,1,1,1,0,1,1,1,1,1
209,Darkelf Dungeon,32704,32767,32768,32831,1,1,1,0,0,0,1,1,1,1,1,1,1,1
210,Darkelf Dungeon,32640,33535,32704,32895,1,1,1,0,0,0,1,1,1,1,1,1,1,1
211,Darkelf Dungeon,32640,33535,32704,32895,1,1,1,0,0,0,1,1,1,1,1,1,1,1
213,Darkelf Dungeon,32704,32767,32768,32831,1,1,1,0,0,0,1,1,1,1,1,1,1,1
217,Mutant Ant Dungeon,32640,32767,32768,32831,1,1,1,0,0,0,1,1,1,1,1,1,1,1
221,Gerard Test Dungeon,32640,32895,32640,32895,1,1,1,0,0,0,1,1,1,1,1,1,1,1
237,Jim\'s Dungeon,32704,32767,32768,32831,1,1,1,0,0,0,1,1,1,1,1,1,1,1
240,Kent Castle Dungeon 1F,32640,32767,33024,33151,1,1,1,0,0,0,1,1,1,1,1,1,1,1
241,Kent Castle Dungeon 2F,32704,32831,32832,32959,1,1,1,0,0,0,1,1,1,1,1,1,1,1
242,Kent Castle Dungeon 3F,32704,32831,32896,33087,1,1,1,0,0,0,1,1,1,1,1,1,1,1
243,Kent Castle Dungeon 4F,32640,32767,32832,33023,1,1,1,0,0,0,1,1,1,1,1,1,1,1
244,Polluted Land of Blessing,32704,33023,32768,33087,1,1,1,0,0,0,1,1,1,1,1,1,1,1
248,Giran Castle Dungeon 1F Taros\'s Inner Castle,32704,32831,32768,32895,1,1,1,0,0,0,1,1,1,1,1,1,1,1
249,Giran Castle Dungeon 2F Trap of Greedy Person,32704,32831,32832,32895,1,1,1,0,0,0,1,1,1,1,1,1,1,1
250,Giran Castle Dungeon 3F Greedy Hall,32704,32831,32768,32895,1,1,1,0,0,0,1,1,1,1,1,1,1,1
251,Giran Castle Dungeon Taros\'s Room,32768,32831,32768,32831,1,1,1,0,0,0,1,1,1,1,1,1,1,1
252,Heine Castle Dungeon Underground Prison of Heine,32576,32767,32832,32895,1,1,1,0,0,0,1,1,1,1,1,1,1,1
253,Heine Castle Dungeon Kingdom of Eva,32704,32831,32832,33023,1,1,1,1,0,0,1,1,1,1,0,0,1,1
254,Heine Castle Dungeon Barbados\'s Lair,32576,32767,32768,32959,1,1,1,0,0,0,1,1,1,1,1,1,1,1
255,Dwarf Castle Dungeon Dwarf Mine,32640,32831,32768,32895,1,1,1,0,0,0,1,1,1,1,1,1,1,1
256,Dwarf Castle Dungeon Savage Land,32640,32895,32768,33023,1,1,1,0,0,0,1,1,1,1,1,1,1,1
257,Aden Castle Dungeon 1F Corridor of The Dead,32640,32831,32768,32895,1,1,1,0,0,0,1,1,1,1,1,1,1,1
258,Aden Castle Dungeon 2F Grave of The Dead,32576,32831,32768,33151,1,1,1,0,0,0,1,1,1,1,1,1,1,1
259,Aden Castle Dungeon 3F Corridor of The Dead,32704,32767,32768,33023,1,1,1,0,0,0,1,1,1,1,1,1,1,1
270,Ivory Tower Secret Research Lab,32704,32767,32768,32831,1,1,1,0,0,0,1,1,1,1,1,1,1,1
300,Aden Inner Castle,32832,32959,32448,32639,1,1,1,0,0,1,1,1,1,1,1,1,1,1
301,Aden Sewer,32576,32767,32768,33023,1,1,1,0,0,1,1,1,1,1,1,1,1,1
302,Sepia Dungeon,32704,32767,32832,32895,1,1,1,0,0,0,1,1,1,1,1,1,1,1
303,Dream Islan,32576,32959,32512,32895,1,1,1,0,0,0,0,0,1,0,1,1,1,1
304,Silent Cavern,32576,32959,32768,33023,1,1,1,0,1,1,1,1,1,1,1,1,1,1
305,Elder Room,32704,32767,32768,32831,1,1,1,0,0,1,1,1,1,1,1,1,1,1
306,Dungeon of Evil Thoughts,32512,32767,32768,32959,1,1,1,0,0,0,1,1,1,1,1,1,1,1
307,Lastavard Dungeon 1F,32704,32959,32768,32959,1,1,1,0,0,1,1,1,1,1,1,1,1,1
308,Lastavard Dungeon 2F,32704,33023,32768,32959,1,1,1,0,0,1,1,1,1,1,1,1,1,1
309,Lastavard Dungeon 3F,32704,33087,32768,32959,1,1,1,0,0,1,1,1,1,1,1,1,1,1
310,Oum Dungeon,32640,32895,32768,33023,1,1,1,0,0,0,1,1,1,1,1,1,1,1
320,Diad Fortress,32640,33087,32768,33087,1,1,1,0,0,0,1,1,1,1,1,1,1,1
330,Mineral Dungeon,32640,32831,32768,33023,1,1,1,0,0,1,1,1,1,1,1,1,1,1
340,Gludin Traders Village,32640,32895,32704,32959,1,1,1,0,0,0,1,1,0,1,0,0,1,1
350,Giran Traders Village,32640,32767,32768,32895,1,1,1,0,0,0,1,1,0,1,0,0,1,1
360,Oren Traders Village,32640,32831,32704,32895,1,1,1,0,0,0,1,1,0,1,0,0,1,1
370,Silver Knight Traders Village,32640,32831,32704,32895,1,1,1,0,0,0,1,1,0,1,0,0,1,1
400,Great Cavern Recluse Village Area,32448,33087,32576,33087,1,1,1,0,0,0,1,1,1,1,1,1,1,1
401,Great Cavern Resistance Area,32704,32895,32768,32895,1,1,1,0,0,0,1,1,1,1,1,1,1,1
410,Sanctuary of Evil,32640,32959,32704,33087,1,1,1,0,0,0,1,1,1,1,1,1,1,1
420,Abyss Lake,32640,32831,32832,33151,1,1,1,1,0,1,1,1,1,1,0,0,1,1
430,Elemental Grave,32640,33023,32704,33087,1,1,1,0,0,0,1,1,1,1,1,1,1,1
440,Pirate Island,32256,32767,32768,33279,1,1,1,0,0,1,1,1,1,1,1,1,1,1
441,Pirate Island Dungeon 1F,32640,32895,32704,32959,1,1,1,0,0,1,1,1,1,1,1,1,1,1
442,Pirate Island Dungeon 2F,32704,32895,32704,32895,1,1,1,0,0,0,1,1,1,1,1,1,1,1
443,Pirate Island Dungeon 3F,32640,32895,32640,32959,1,1,1,0,0,0,1,1,1,1,1,1,1,1
444,Pirate Island Dungeon 4F,32704,32767,32768,32831,1,1,1,0,0,0,1,1,1,1,1,1,1,1
445,Hidden Dock to Pirate Island,32704,32831,32832,32895,1,1,1,0,0,0,1,1,1,1,1,1,1,1
446,Pirate Island Ship to Hidden Dock,32704,32831,32768,32831,1,1,1,0,0,0,1,1,0,1,1,1,1,1
447,Hidden Dock Ship to Pirate Island,32704,32767,32768,32831,1,1,1,0,0,0,1,1,0,1,1,1,1,1
450,Front Gate of Lastavard,32576,32831,32768,32959,1,1,1,0,0,0,1,1,1,1,1,1,1,1
451,Lastavard Castle 1F Meeting Area,32704,32895,32704,32895,1,1,1,0,0,0,1,1,1,1,1,1,1,1
452,Lastavard Castle 1F Shock Squad Training Area,32704,32831,32768,32895,1,1,1,0,0,0,1,1,1,1,1,1,1,1
453,Lastavard Castle 1F Evil Power King\'s Power Room,32704,32895,32704,32895,1,1,1,0,0,0,1,1,1,1,1,1,1,1
454,Lastavard Castle 1F Wild Animal Torture Room,32704,32895,32704,32895,1,1,1,0,0,0,1,1,1,1,1,1,1,1
455,Lastavard Castle 1F Wild Animal Training Room,32704,32895,32768,32895,1,1,1,0,0,0,1,1,1,1,1,1,1,1
456,Lastavard Castle 1F Evil Power Summoning Room,32704,32831,32768,32895,1,1,1,0,0,0,1,1,1,1,1,1,1,1
457,Lastavard Castle 1F Off-Limits Area of Darkness,32640,32767,32768,32895,1,1,1,0,0,0,1,1,1,1,1,1,1,1
460,Lastavard Castle 2F Dark Magic Training Area,32704,32895,32768,32895,1,1,1,0,0,0,1,1,1,1,1,1,1,1
461,Lastavard Castle 2F Dark Magic Laboratory,32640,32895,32768,32895,1,1,1,0,0,0,1,1,1,1,1,1,1,1
462,Lastavard Castle 2F Evil Spirit King\'s Power Room,32640,32895,32768,32895,1,1,1,0,0,0,1,1,1,1,1,1,1,1
463,Lastavard Castle 2F Evil Spirit King\'s Library,32704,32831,32768,32895,1,1,1,0,0,0,1,1,1,1,1,1,1,1
464,Lastavard Castle 2F Spirit Summoning Room,32704,32831,32768,32895,1,1,1,0,0,0,1,1,1,1,1,1,1,1
465,Lastavard Castle 2F Spirit Abode,32704,32831,32768,32895,1,1,1,0,0,0,1,1,1,1,1,1,1,1
466,Lastavard Castle 2F Dark Spirit Laboratory,32704,32831,32768,32895,1,1,1,0,0,0,1,1,1,1,1,1,1,1
467,Lastavard Castle 2F Off-Limits Area of Blackness,32640,32767,32768,32895,1,1,1,0,0,0,1,1,1,1,1,1,1,1
468,Lastavard Castle 2F Off-Limits Area of Blackness,32576,32703,32832,32959,1,1,1,0,0,0,1,1,1,1,1,1,1,1
470,Lastavard Castle 3F Evil Spirit Altar,32640,32895,32768,32895,1,1,1,0,0,0,1,1,1,1,1,1,1,1
471,Lastavard Castle 3F Devil Road Altar,32704,32831,32768,32895,1,1,1,0,0,0,1,1,1,1,1,1,1,1
472,Lastavard Castle 3F Mercenary Training Area,32640,32831,32704,32895,1,1,1,0,0,0,1,1,1,1,1,1,1,1
473,Lastavard Castle 3F Bright Magic Army Training Area,32704,32959,32768,32895,1,1,1,0,0,0,1,1,1,1,1,1,1,1
474,Lastavard Castle 3F Oum Experiment Room,32704,32831,32768,32895,1,1,1,0,0,0,1,1,1,1,1,1,1,1
475,Lastavard Castle 3F Bright Magic King\'s Power Room,32640,32831,32768,32895,1,1,1,0,0,0,1,1,1,1,1,1,1,1
476,Lastavard Castle 3F Central Control Room,32704,32831,32704,32895,1,1,1,0,0,0,1,1,1,1,1,1,1,1
477,Lastavard Castle 3F Devil Road Mercenary Room,32704,32831,32768,32959,1,1,1,0,0,0,1,1,1,1,1,1,1,1
478,Lastavard Castle 3F Control Area,32640,32831,32704,32895,1,1,1,0,0,0,1,1,1,1,1,1,1,1
480,Pirate\'s Isle,32576,32895,32768,33023,1,1,1,0,0,1,1,1,1,1,1,1,1,1
481,Kamyla\'s Room,32640,32831,32768,32895,1,1,1,0,0,0,1,1,1,1,1,1,1,1
482,Franco\'s Labyrinth,32576,32831,32704,32895,1,1,1,0,0,1,1,1,1,1,1,1,1,1
483,Closed Jail of Diego,32640,32895,32704,32959,1,1,1,0,0,1,1,1,1,1,1,1,1,1
484,Underground Jail of Hose,32704,32895,32704,32895,1,1,1,0,0,1,1,1,1,1,1,1,1,1
490,Lastavard Castle Underground Training Area,32640,32767,32768,32895,1,1,1,0,0,0,1,1,1,1,1,1,1,1
491,Lastavard Castle Underground Passageway,32640,32767,32704,32895,1,1,1,0,0,0,1,1,1,1,1,1,1,1
492,Lastavard Castle Underground Assassin King\'s Power Room,32704,32895,32768,32895,1,1,1,0,0,0,1,1,1,1,1,1,1,1
493,Lastavard Castle Underground Control Room,32704,32831,32704,32831,1,1,1,0,0,0,1,1,1,1,1,1,1,1
494,Lastavard Castle Underground Punishment Area,32768,32895,32704,32831,1,1,1,0,0,0,1,1,1,1,1,1,1,1
495,Lastavard Castle Underground Duel Area,32704,32895,32704,32895,1,1,1,0,0,0,1,1,1,1,1,1,1,1
496,Lastavard Castle Underground Jail,32768,32895,32768,32895,1,1,1,0,0,0,1,1,1,1,1,1,1,1
500,\N,32640,32831,32704,32895,1,1,1,0,0,0,1,1,1,1,1,1,1,1
501,\N,32576,33215,32512,32959,1,1,1,0,0,0,1,1,1,1,1,1,1,1
502,\N,32576,33215,32576,32959,1,1,1,0,0,1,1,1,1,1,1,1,1,1
503,\N,32576,33215,32576,32959,1,1,1,0,0,0,1,1,1,1,1,1,1,1
504,\N,32576,33215,32576,32959,1,1,1,0,0,0,1,1,1,1,1,1,1,1
505,\N,32576,33215,32576,32959,1,1,1,0,0,0,1,1,1,1,1,1,1,1
506,\N,32512,33215,32576,32959,1,1,1,0,0,0,1,1,1,1,1,1,1,1
507,\N,32704,33023,32768,32959,1,1,1,0,0,1,1,1,1,1,1,1,1,1
508,\N,32768,32895,33088,33215,1,1,1,0,0,0,1,1,1,1,1,1,1,1
509,Chaos Battle Collosseum,32704,32767,32768,32831,1,1,1,0,0,0,1,1,1,1,1,1,1,1
511,\N,32576,33215,32576,32895,1,1,1,0,0,0,1,1,1,1,1,1,1,1
512,\N,32576,33215,32576,32895,1,1,1,0,0,0,1,1,1,1,1,1,1,1
513,\N,32576,33215,32576,32895,1,1,1,0,0,0,1,1,1,1,1,1,1,1
514,\N,32576,33215,32576,32895,1,1,1,0,0,0,1,1,1,1,1,1,1,1
515,\N,32576,33215,32576,32895,1,1,1,0,0,0,1,1,1,1,1,1,1,1
516,\N,32576,33215,32576,32895,1,1,1,0,0,0,1,1,1,1,1,1,1,1
518,\N,32640,32831,32704,32895,1,1,1,0,0,0,1,1,0,1,0,0,1,1
521,Temple of Shadow Outland,32576,32767,32832,33023,1,1,1,0,0,0,1,1,1,1,1,1,1,1
522,Temple of Shadow 1F,32576,32831,32832,32959,1,1,1,0,0,1,1,1,1,1,1,1,1,1
523,Temple of Shadow 2F,32576,32831,32832,32959,1,1,1,0,0,1,1,1,1,1,1,1,1,1
524,Temple of Shadow 3F,32576,32831,32832,32959,1,1,1,0,0,1,1,1,1,1,1,1,1,1
530,Lastavard Castle 4F Temple of Gran Kain,32704,32959,32768,32959,1,1,1,0,0,0,1,1,1,1,1,1,1,1
531,Lastavard Castle 4F Supreme Court Justice Viatas\'s Room,32704,32895,32704,32959,1,1,1,0,0,0,1,1,1,1,1,1,1,1
532,Lastavard Castle 4F Open Garden Area,32704,32895,32768,32895,1,1,1,0,0,0,1,1,1,1,1,1,1,1
533,Lastavard Castle 4F Supreme Court Justice Tiames\'s Room,32704,32895,32768,33023,1,1,1,0,0,0,1,1,1,1,1,1,1,1
534,Lastavard Castle 4F Elder Assembly Room,32704,32959,32768,32895,1,1,1,0,0,0,1,1,1,1,1,1,1,1
535,Dark Elf Holy Place,32576,32895,32704,33023,1,1,1,0,0,0,1,1,1,1,1,1,1,1
536,Lastavard Castle 3F Off-Limits Area of Darkness,32640,32831,32704,32895,1,1,1,0,0,0,1,1,1,1,1,1,1,1
541,Ant Caves Egg Room A,32640,32831,32768,32895,1,1,1,0,0,1,1,1,1,1,1,1,1,1
542,Ant Caves Egg Room B,32640,32831,32768,32895,1,1,1,0,0,1,1,1,1,1,1,1,1,1
543,Ant Caves Queen Room,32704,32895,32704,32895,1,1,1,0,0,1,1,1,1,1,1,1,1,1
550,Ship Grave Area,32384,32895,32640,33151,1,1,1,0,0,0,1,1,1,1,1,1,1,1
551,Inboard at Ship Grave Area,32640,32767,32768,32895,1,1,1,0,0,0,1,1,1,1,1,1,1,1
552,Inboard at Ship Grave Area,32704,32767,32768,32895,1,1,1,1,0,0,1,1,1,1,0,0,1,1
553,Inboard at Ship Grave Area,32704,32831,32768,32895,1,1,1,0,0,0,1,1,1,1,1,1,1,1
554,Inboard at Ship Grave Area,32704,32831,32768,32895,1,1,1,0,0,0,1,1,1,1,1,1,1,1
555,Inboard at Ship Grave Area,32704,32767,32768,32895,1,1,1,1,0,0,1,1,1,1,0,0,1,1
556,Inboard at Ship Grave Area,32704,32831,32768,32895,1,1,1,0,0,0,1,1,1,1,1,1,1,1
557,Inboard at Ship Grave Area,32704,32831,32768,32895,1,1,1,1,0,0,1,1,1,1,0,0,1,1
558,Deep Sea of Ship Grave Area,32704,33215,32768,33279,1,1,1,1,0,1,1,1,1,1,0,0,1,1
600,Cave of Desire Outland,32640,32895,32704,32895,1,1,1,0,0,1,1,1,1,1,1,1,1,1
601,Cave of Desire Lobby,32640,32959,32704,32959,1,1,1,0,0,1,1,1,1,1,1,1,1,1
602,Barlog\'s Audience Room,32640,32767,32768,32895,1,1,1,0,0,1,1,1,1,1,1,1,1,1
603,Barlog Lair,32640,32767,32768,32895,1,1,1,0,0,1,1,1,1,1,1,1,1,1
604,Cave of Desire Water Room,32768,32895,32768,32895,1,1,1,1,0,1,1,1,1,1,0,0,1,1
605,Cave of Desire Fire Room,32704,32959,32704,32959,1,1,1,0,0,1,1,1,1,1,1,1,1,1
606,Cave of Desire Air Room,32640,32895,32704,32895,1,1,1,0,0,1,1,1,1,1,1,1,1,1
607,Cave of Desire Earth Room,32640,32895,32768,32959,1,1,1,0,0,1,1,1,1,1,1,1,1,1
608,Yahee\'s Laboratory,32640,32767,32832,32959,1,1,1,0,0,1,1,1,1,1,1,1,1,1
610,Witch\'s Market,32640,32895,32704,32959,1,1,1,0,0,1,1,1,1,1,1,1,1,1
611,Camp Site,32640,32895,32640,32831,1,1,1,0,0,1,1,1,1,1,1,1,1,1
612,Forest of Abundance,32640,32895,32704,32959,1,1,1,0,0,0,1,1,1,1,1,1,1,1
613,Ground of Snowball fight,32640,32895,32768,33023,1,1,1,0,0,1,1,1,0,1,0,0,1,1
620,Netcafe Lobby,32768,32831,32768,32831,1,1,1,0,0,1,1,1,0,1,0,0,1,1
621,PC Premium Zone,32640,32895,32768,32959,1,1,1,0,0,1,1,0,0,0,0,1,1,1
630,Castle in the Sky,32704,33023,32768,33087,1,1,1,0,0,0,1,1,0,1,1,1,1,1
631,Two Dimensional Space,32704,33087,32640,33023,1,1,1,0,0,0,1,1,0,1,1,1,1,1
632,Brave Man\'s Sacred Place 1,32640,32959,32576,32895,1,1,1,0,0,0,1,1,0,1,1,1,1,1
666,Hell,32640,32831,32704,32895,1,1,1,0,0,1,0,1,1,1,1,1,1,1
701,Aden Hunting Ground,32576,33023,32512,32959,1,1,1,0,0,0,1,1,1,1,1,1,1,1
725,\N,33472,33663,32576,32767,1,1,1,0,0,0,1,1,0,1,0,0,1,1
726,\N,32640,32767,32832,32959,1,1,1,0,0,0,1,1,0,1,0,0,1,1
777,Land of Abandoned,32448,32831,32832,33151,1,1,1,0,0,1,1,1,1,1,1,1,1,1
778,Land of Abandoned,32640,32959,32576,33023,1,1,1,0,0,1,1,1,1,1,1,1,1,1
779,Land of Abandoned,32768,33023,32704,32895,1,1,1,1,0,1,1,1,1,1,1,1,1,1
780,Thebes Desert,32576,32831,32704,33087,1,1,1,0,0,1,1,1,1,1,1,1,1,1
781,Thebes Pyramid Inside,32704,33023,32704,32895,1,1,1,0,0,0,1,1,1,1,1,1,1,1
782,Thebes Osiris Altar,32704,32831,32768,32895,1,1,1,0,0,0,1,1,1,1,1,1,1,1
783,Tikal Ruin,32704,33343,32576,32959,1,1,1,0,0,1,1,1,0,1,0,0,1,1
784,Tikal Kukulcan Altar,32704,32831,32832,32895,1,1,1,0,0,1,1,1,0,1,0,0,1,1
997,\N,32704,32767,32768,32831,1,1,1,0,0,0,0,0,0,0,1,1,1,1
998,\N,32704,32767,32768,32831,1,1,1,0,0,0,0,0,0,0,1,1,1,1
1000,Silveria,32704,32895,32768,32959,1,1,1,0,1,1,1,1,1,1,1,1,1,1
1001,Behemoth,32704,32895,32768,32959,1,1,1,0,1,1,1,1,1,1,1,1,1,1
1002,Dwarven Village,32576,33087,32512,33023,1,1,1,0,0,0,1,1,0,1,0,0,1,1
1003,\N,32640,32895,32832,32959,1,1,1,0,0,0,1,1,0,1,0,0,1,1
1004,\N,32512,32959,32512,32895,1,1,1,0,0,0,1,1,0,1,0,0,1,1
1005,Dungeon Entrance of Antharas,32512,33023,32576,33023,1,1,1,0,0,0,1,1,0,0,0,0,1,1
1006,Dungeon Entrance of Antharas,32512,33023,32576,33023,1,1,1,0,0,0,1,1,0,0,0,0,1,1
1007,Dungeon Entrance of Antharas,32512,33023,32576,33023,1,1,1,0,0,0,1,1,0,0,0,0,1,1
1008,Dungeon Entrance of Antharas,32512,33023,32576,33023,1,1,1,0,0,0,1,1,0,0,0,0,1,1
1009,Dungeon Entrance of Antharas,32512,33023,32576,33023,1,1,1,0,0,0,1,1,0,0,0,0,1,1
1010,Dungeon Entrance of Antharas,32512,33023,32576,33023,1,1,1,0,0,0,1,1,0,0,0,0,1,1
1011,Dungeon Entrance of Fafurion,32640,33151,32448,32959,1,1,1,1,0,0,1,1,0,0,0,0,1,1
1012,Dungeon Entrance of Fafurion,32640,33151,32448,32959,1,1,1,1,0,0,1,1,0,0,0,0,1,1
1013,Dungeon Entrance of Fafurion,32640,33151,32448,32959,1,1,1,1,0,0,1,1,0,0,0,0,1,1
1014,Dungeon Entrance of Fafurion,32640,33151,32448,32959,1,1,1,1,0,0,1,1,0,0,0,0,1,1
1015,Dungeon Entrance of Fafurion,32640,33151,32448,32959,1,1,1,1,0,0,1,1,0,0,0,0,1,1
1016,Dungeon Entrance of Fafurion,32640,33151,32448,32959,1,1,1,1,0,0,1,1,0,0,0,0,1,1
1017,Dungeon Entrance of Lindvior,32512,33023,32768,33279,1,1,1,0,0,0,1,1,0,0,0,0,1,1
1018,Dungeon Entrance of Lindvior,32512,33023,32768,33279,1,1,1,0,0,0,1,1,0,0,0,0,1,1
1019,Dungeon Entrance of Lindvior,32512,33023,32768,33279,1,1,1,0,0,0,1,1,0,0,0,0,1,1
1020,Dungeon Entrance of Lindvior,32512,33023,32768,33279,1,1,1,0,0,0,1,1,0,0,0,0,1,1
1021,Dungeon Entrance of Lindvior,32512,33023,32768,33279,1,1,1,0,0,0,1,1,0,0,0,0,1,1
1022,Dungeon Entrance of Lindvior,32512,33023,32768,33279,1,1,1,0,0,0,1,1,0,0,0,0,1,1
2000,Palingenesis Sanctuary 1F,32640,32959,32704,33023,1,1,1,0,0,0,1,1,1,1,1,1,1,1
2001,Palingenesis Sanctuary 2F,32640,32959,32704,33023,1,1,1,0,0,0,1,1,1,1,1,1,1,1
2002,Palingenesis Sanctuary 3F,32640,32959,32704,33023,1,1,1,0,0,0,1,1,1,1,1,1,1,1
2003,Palingenesis Sanctuary 4F,32640,32959,32704,33023,1,1,1,0,0,0,1,1,1,1,1,1,1,1
2004,Goras,32640,32895,32768,32959,1,1,1,0,0,0,1,1,1,1,1,1,1,1
2005,Northern Valley(Beginners Zone),32512,32895,32704,33087,1,1,1,0,0,1,1,0,0,0,0,0,1,1
2006,Playground of Metis,32704,32895,32768,32959,1,1,1,0,0,0,1,1,0,1,0,0,1,1
2007,Slime Memories,32512,32703,32640,32895,1,1,1,0,0,0,1,1,1,1,1,1,1,1
4301,\N,32704,32959,32768,33023,1,1,1,0,0,0,0,0,0,0,0,0,1,1
4831,\N,32704,32831,32768,32959,1,1,1,0,0,0,0,0,0,0,0,0,1,1
4941,\N,32768,32895,32704,32831,1,1,1,0,0,0,1,1,1,1,1,1,1,1
5001,Aden Underground house 1,32704,32831,32704,32831,1,1,1,0,0,0,1,1,1,1,1,1,1,1
5002,Aden Underground house 2,32704,32831,32704,32831,1,1,1,0,0,0,1,1,1,1,1,1,1,1
5003,Aden Underground house 3,32704,32831,32704,32831,1,1,1,0,0,0,1,1,1,1,1,1,1,1
5004,Aden Underground house 4,32704,32831,32704,32831,1,1,1,0,0,0,1,1,1,1,1,1,1,1
5005,Aden Underground house 5,32704,32831,32704,32831,1,1,1,0,0,0,1,1,1,1,1,1,1,1
5006,Aden Underground house 6,32704,32831,32704,32831,1,1,1,0,0,0,1,1,1,1,1,1,1,1
5007,Aden Underground house 7,32704,32831,32704,32831,1,1,1,0,0,0,1,1,1,1,1,1,1,1
5008,Aden Underground house 8,32704,32831,32704,32831,1,1,1,0,0,0,1,1,1,1,1,1,1,1
5009,Aden Underground house 9,32704,32831,32704,32831,1,1,1,0,0,0,1,1,1,1,1,1,1,1
5010,Aden Underground house 10,32704,32831,32704,32831,1,1,1,0,0,0,1,1,1,1,1,1,1,1
5011,Aden Underground house 11,32704,32831,32704,32831,1,1,1,0,0,0,1,1,1,1,1,1,1,1
5012,Aden Underground house 12,32704,32831,32704,32831,1,1,1,0,0,0,1,1,1,1,1,1,1,1
5013,Aden Underground house 13,32704,32831,32704,32831,1,1,1,0,0,0,1,1,1,1,1,1,1,1
5014,Aden Underground house 14,32704,32831,32704,32831,1,1,1,0,0,0,1,1,1,1,1,1,1,1
5015,Aden Underground house 15,32704,32831,32704,32831,1,1,1,0,0,0,1,1,1,1,1,1,1,1
5016,Aden Underground house 16,32704,32831,32704,32831,1,1,1,0,0,0,1,1,1,1,1,1,1,1
5017,Aden Underground house 17,32704,32831,32704,32831,1,1,1,0,0,0,1,1,1,1,1,1,1,1
5018,Aden Underground house 18,32704,32831,32704,32831,1,1,1,0,0,0,1,1,1,1,1,1,1,1
5019,Aden Underground house 19,32704,32831,32704,32831,1,1,1,0,0,0,1,1,1,1,1,1,1,1
5020,Aden Underground house 20,32704,32831,32704,32831,1,1,1,0,0,0,1,1,1,1,1,1,1,1
5021,Aden Underground house 21,32704,32831,32704,32831,1,1,1,0,0,0,1,1,1,1,1,1,1,1
5022,Aden Underground house 22,32704,32831,32704,32831,1,1,1,0,0,0,1,1,1,1,1,1,1,1
5023,Aden Underground house 23,32704,32831,32704,32831,1,1,1,0,0,0,1,1,1,1,1,1,1,1
5024,Aden Underground house 24,32704,32831,32704,32831,1,1,1,0,0,0,1,1,1,1,1,1,1,1
5025,Aden Underground house 25,32704,32831,32704,32831,1,1,1,0,0,0,1,1,1,1,1,1,1,1
5026,Aden Underground house 26,32704,32831,32704,32831,1,1,1,0,0,0,1,1,1,1,1,1,1,1
5027,Aden Underground house 27,32704,32831,32704,32831,1,1,1,0,0,0,1,1,1,1,1,1,1,1
5028,Aden Underground house 28,32704,32831,32704,32831,1,1,1,0,0,0,1,1,1,1,1,1,1,1
5029,Aden Underground house 29,32704,32831,32704,32831,1,1,1,0,0,0,1,1,1,1,1,1,1,1
5030,Aden Underground house 30,32704,32831,32704,32831,1,1,1,0,0,0,1,1,1,1,1,1,1,1
5031,Aden Underground house 31,32704,32831,32704,32831,1,1,1,0,0,0,1,1,1,1,1,1,1,1
5032,Aden Underground house 32,32704,32831,32704,32831,1,1,1,0,0,0,1,1,1,1,1,1,1,1
5033,Aden Underground house 33,32704,32831,32704,32831,1,1,1,0,0,0,1,1,1,1,1,1,1,1
5034,Aden Underground house 34,32704,32831,32704,32831,1,1,1,0,0,0,1,1,1,1,1,1,1,1
5035,Aden Underground house 35,32704,32831,32704,32831,1,1,1,0,0,0,1,1,1,1,1,1,1,1
5036,Aden Underground house 36,32704,32831,32704,32831,1,1,1,0,0,0,1,1,1,1,1,1,1,1
5037,Aden Underground house 37,32704,32831,32704,32831,1,1,1,0,0,0,1,1,1,1,1,1,1,1
5038,Aden Underground house 38,32704,32831,32704,32831,1,1,1,0,0,0,1,1,1,1,1,1,1,1
5039,Aden Underground house 39,32704,32831,32704,32831,1,1,1,0,0,0,1,1,1,1,1,1,1,1
5040,Aden Underground house 40,32704,32831,32704,32831,1,1,1,0,0,0,1,1,1,1,1,1,1,1
5041,Aden Underground house 41,32704,32831,32704,32831,1,1,1,0,0,0,1,1,1,1,1,1,1,1
5042,Aden Underground house 42,32704,32831,32704,32831,1,1,1,0,0,0,1,1,1,1,1,1,1,1
5043,Aden Underground house 43,32704,32831,32704,32831,1,1,1,0,0,0,1,1,1,1,1,1,1,1
5044,Aden Underground house 44,32704,32831,32704,32831,1,1,1,0,0,0,1,1,1,1,1,1,1,1
5045,Aden Underground house 45,32704,32831,32704,32831,1,1,1,0,0,0,1,1,1,1,1,1,1,1
5046,Aden Underground house 46,32704,32831,32704,32831,1,1,1,0,0,0,1,1,1,1,1,1,1,1
5047,Aden Underground house 47,32704,32831,32704,32831,1,1,1,0,0,0,1,1,1,1,1,1,1,1
5048,Aden Underground house 48,32704,32831,32704,32831,1,1,1,0,0,0,1,1,1,1,1,1,1,1
5049,Aden Underground house 49,32704,32831,32704,32831,1,1,1,0,0,0,1,1,1,1,1,1,1,1
5050,Aden Underground house 50,32704,32831,32704,32831,1,1,1,0,0,0,1,1,1,1,1,1,1,1
5051,Aden Underground house 51,32704,32831,32704,32831,1,1,1,0,0,0,1,1,1,1,1,1,1,1
5052,Aden Underground house 52,32704,32831,32704,32831,1,1,1,0,0,0,1,1,1,1,1,1,1,1
5053,Aden Underground house 53,32704,32831,32704,32831,1,1,1,0,0,0,1,1,1,1,1,1,1,1
5054,Aden Underground house 54,32704,32831,32704,32831,1,1,1,0,0,0,1,1,1,1,1,1,1,1
5055,Aden Underground house 55,32704,32831,32704,32831,1,1,1,0,0,0,1,1,1,1,1,1,1,1
5056,Aden Underground house 56,32704,32831,32704,32831,1,1,1,0,0,0,1,1,1,1,1,1,1,1
5057,Aden Underground house 57,32704,32831,32704,32831,1,1,1,0,0,0,1,1,1,1,1,1,1,1
5058,Aden Underground house 58,32704,32831,32704,32831,1,1,1,0,0,0,1,1,1,1,1,1,1,1
5059,Aden Underground house 59,32704,32831,32704,32831,1,1,1,0,0,0,1,1,1,1,1,1,1,1
5060,Aden Underground house 60,32704,32831,32704,32831,1,1,1,0,0,0,1,1,1,1,1,1,1,1
5061,Aden Underground house 61,32704,32831,32704,32831,1,1,1,0,0,0,1,1,1,1,1,1,1,1
5062,Aden Underground house 62,32704,32831,32704,32831,1,1,1,0,0,0,1,1,1,1,1,1,1,1
5063,Aden Underground house 63,32704,32831,32704,32831,1,1,1,0,0,0,1,1,1,1,1,1,1,1
5064,Aden Underground house 64,32704,32831,32704,32831,1,1,1,0,0,0,1,1,1,1,1,1,1,1
5065,Aden Underground house 65,32704,32831,32704,32831,1,1,1,0,0,0,1,1,1,1,1,1,1,1
5066,Aden Underground house 66,32704,32831,32704,32831,1,1,1,0,0,0,1,1,1,1,1,1,1,1
5067,Aden Underground house 67,32704,32831,32704,32831,1,1,1,0,0,0,1,1,1,1,1,1,1,1
5068,Giran Underground house 1,32704,32831,32768,32895,1,1,1,0,0,0,1,1,1,1,1,1,1,1
5069,Giran Underground house 2,32704,32831,32768,32895,1,1,1,0,0,0,1,1,1,1,1,1,1,1
5070,Giran Underground house 3,32704,32831,32768,32895,1,1,1,0,0,0,1,1,1,1,1,1,1,1
5071,Giran Underground house 4,32704,32831,32768,32895,1,1,1,0,0,0,1,1,1,1,1,1,1,1
5072,Giran Underground house 5,32704,32831,32768,32895,1,1,1,0,0,0,1,1,1,1,1,1,1,1
5073,Giran Underground house 6,32704,32831,32768,32895,1,1,1,0,0,0,1,1,1,1,1,1,1,1
5074,Giran Underground house 7,32704,32831,32768,32895,1,1,1,0,0,0,1,1,1,1,1,1,1,1
5075,Giran Underground house 8,32704,32831,32768,32895,1,1,1,0,0,0,1,1,1,1,1,1,1,1
5076,Giran Underground house 9,32704,32831,32768,32895,1,1,1,0,0,0,1,1,1,1,1,1,1,1
5077,Giran Underground house 10,32704,32831,32768,32895,1,1,1,0,0,0,1,1,1,1,1,1,1,1
5078,Giran Underground house 11,32704,32831,32768,32895,1,1,1,0,0,0,1,1,1,1,1,1,1,1
5079,Giran Underground house 12,32704,32831,32768,32895,1,1,1,0,0,0,1,1,1,1,1,1,1,1
5080,Giran Underground house 13,32704,32831,32768,32895,1,1,1,0,0,0,1,1,1,1,1,1,1,1
5081,Giran Underground house 14,32704,32831,32768,32895,1,1,1,0,0,0,1,1,1,1,1,1,1,1
5082,Giran Underground house 15,32704,32831,32768,32895,1,1,1,0,0,0,1,1,1,1,1,1,1,1
5083,Giran Underground house 16,32704,32831,32768,32895,1,1,1,0,0,0,1,1,1,1,1,1,1,1
5084,Giran Underground house 17,32704,32831,32768,32895,1,1,1,0,0,0,1,1,1,1,1,1,1,1
5085,Giran Underground house 18,32704,32831,32768,32895,1,1,1,0,0,0,1,1,1,1,1,1,1,1
5086,Giran Underground house 19,32704,32831,32768,32895,1,1,1,0,0,0,1,1,1,1,1,1,1,1
5087,Giran Underground house 20,32704,32831,32768,32895,1,1,1,0,0,0,1,1,1,1,1,1,1,1
5088,Giran Underground house 21,32704,32831,32768,32895,1,1,1,0,0,0,1,1,1,1,1,1,1,1
5089,Giran Underground house 22,32704,32831,32768,32895,1,1,1,0,0,0,1,1,1,1,1,1,1,1
5090,Giran Underground house 23,32704,32831,32768,32895,1,1,1,0,0,0,1,1,1,1,1,1,1,1
5091,Giran Underground house 24,32704,32831,32768,32895,1,1,1,0,0,0,1,1,1,1,1,1,1,1
5092,Giran Underground house 25,32704,32831,32768,32895,1,1,1,0,0,0,1,1,1,1,1,1,1,1
5093,Giran Underground house 26,32704,32831,32768,32895,1,1,1,0,0,0,1,1,1,1,1,1,1,1
5094,Giran Underground house 27,32704,32831,32768,32895,1,1,1,0,0,0,1,1,1,1,1,1,1,1
5095,Giran Underground house 28,32704,32831,32768,32895,1,1,1,0,0,0,1,1,1,1,1,1,1,1
5096,Giran Underground house 29,32704,32831,32768,32895,1,1,1,0,0,0,1,1,1,1,1,1,1,1
5097,Giran Underground house 30,32704,32831,32768,32895,1,1,1,0,0,0,1,1,1,1,1,1,1,1
5098,Giran Underground house 31,32704,32831,32768,32895,1,1,1,0,0,0,1,1,1,1,1,1,1,1
5099,Giran Underground house 32,32704,32831,32768,32895,1,1,1,0,0,0,1,1,1,1,1,1,1,1
5100,Giran Underground house 33,32704,32831,32768,32895,1,1,1,0,0,0,1,1,1,1,1,1,1,1
5101,Giran Underground house 34,32704,32831,32768,32895,1,1,1,0,0,0,1,1,1,1,1,1,1,1
5102,Giran Underground house 35,32704,32831,32768,32895,1,1,1,0,0,0,1,1,1,1,1,1,1,1
5103,Giran Underground house 36,32704,32831,32768,32895,1,1,1,0,0,0,1,1,1,1,1,1,1,1
5104,Giran Underground house 37,32704,32831,32768,32895,1,1,1,0,0,0,1,1,1,1,1,1,1,1
5105,Giran Underground house 38,32704,32831,32768,32895,1,1,1,0,0,0,1,1,1,1,1,1,1,1
5106,Giran Underground house 39,32704,32831,32768,32895,1,1,1,0,0,0,1,1,1,1,1,1,1,1
5107,Giran Underground house 40,32704,32831,32768,32895,1,1,1,0,0,0,1,1,1,1,1,1,1,1
5108,Giran Underground house 41,32704,32831,32768,32895,1,1,1,0,0,0,1,1,1,1,1,1,1,1
5109,Giran Underground house 42,32704,32831,32768,32895,1,1,1,0,0,0,1,1,1,1,1,1,1,1
5110,Giran Underground house 43,32704,32831,32768,32895,1,1,1,0,0,0,1,1,1,1,1,1,1,1
5111,Giran Underground house 44,32704,32831,32768,32895,1,1,1,0,0,0,1,1,1,1,1,1,1,1
5112,Giran Underground house 45,32704,32831,32768,32895,1,1,1,0,0,0,1,1,1,1,1,1,1,1
5113,Heine Underground house 1,32704,32831,32768,32895,1,1,1,0,0,0,1,1,1,1,1,1,1,1
5114,Heine Underground house 2,32704,32831,32768,32895,1,1,1,0,0,0,1,1,1,1,1,1,1,1
5115,Heine Underground house 3,32704,32831,32768,32895,1,1,1,0,0,0,1,1,1,1,1,1,1,1
5116,Heine Underground house 4,32704,32831,32768,32895,1,1,1,0,0,0,1,1,1,1,1,1,1,1
5117,Heine Underground house 5,32704,32831,32768,32895,1,1,1,0,0,0,1,1,1,1,1,1,1,1
5118,Heine Underground house 6,32704,32831,32768,32895,1,1,1,0,0,0,1,1,1,1,1,1,1,1
5119,Heine Underground house 7,32704,32831,32768,32895,1,1,1,0,0,0,1,1,1,1,1,1,1,1
5120,Heine Underground house 8,32704,32831,32768,32895,1,1,1,0,0,0,1,1,1,1,1,1,1,1
5121,Heine Underground house 9,32704,32831,32768,32895,1,1,1,0,0,0,1,1,1,1,1,1,1,1
5122,Heine Underground house 10,32704,32831,32768,32895,1,1,1,0,0,0,1,1,1,1,1,1,1,1
5123,Heine Underground house 11,32704,32831,32768,32895,1,1,1,0,0,0,1,1,1,1,1,1,1,1
5124,Fishing Place,32704,32895,32704,32895,1,1,1,0,0,0,0,1,0,1,1,1,1,1
5125,Petmatch Place,32768,32895,32768,32895,1,1,1,0,0,0,1,1,1,1,1,1,0,0
5131,Petmatch Place,32768,32831,32832,32895,1,1,1,0,0,0,1,1,1,1,1,1,0,0
5132,Petmatch Place,32768,32831,32832,32895,1,1,1,0,0,0,1,1,1,1,1,1,0,0
5133,Petmatch Place,32768,32831,32832,32895,1,1,1,0,0,0,1,1,1,1,1,1,0,0
5134,Petmatch Place,32768,32831,32832,32895,1,1,1,0,0,0,1,1,1,1,1,1,0,0
5140,Ghost house,32640,32959,32704,32959,1,1,1,0,0,0,1,1,1,1,1,1,0,0
5141,Ghost house,32640,32959,32704,32959,1,1,1,0,0,0,1,1,1,1,1,1,0,0
5142,Ghost house,32640,32959,32704,32959,1,1,1,0,0,0,1,1,1,1,1,1,0,0
5143,Pet race,32704,32831,32768,32895,1,1,1,0,0,0,0,0,0,0,0,0,0,0
5144,Pet race,32704,32831,32768,32895,1,1,1,0,0,0,1,1,0,1,0,0,1,1
5145,Pet race,32704,32831,32768,32895,1,1,1,0,0,0,1,1,0,1,0,0,1,1
5153,\N,32576,32703,32832,32959,1,1,1,0,0,0,0,0,0,0,0,0,1,1
5166,Place of Recollection,32704,32831,32768,32895,1,1,1,0,0,1,1,1,1,1,1,1,1,1
5167,DevilKing\'s Field,32512,32767,32704,32959,1,1,1,0,0,1,1,1,1,1,1,1,1,1
5168,DevilKing\'s Field,32512,32767,32704,32959,1,1,1,0,0,0,1,1,1,1,1,1,1,1
5169,DevilKing\'s Field,32512,32767,32704,32959,1,1,1,0,0,0,1,1,1,1,1,1,1,1
5170,DevilKing\'s Field,32512,32767,32704,32959,1,1,1,0,0,0,1,1,1,1,1,1,1,1
5171,DevilKing\'s Field,32512,32767,32704,32959,1,1,1,0,0,0,1,1,1,1,1,1,1,1
5172,DevilKing\'s Field,32512,32767,32704,32959,1,1,1,0,0,0,1,1,1,1,1,1,1,1
5173,DevilKing\'s Field,32512,32767,32704,32959,1,1,1,0,0,0,1,1,1,1,1,1,1,1
5174,DevilKing\'s Field,32512,32767,32704,32959,1,1,1,0,0,0,1,1,1,1,1,1,1,1
5175,DevilKing\'s Field,32512,32767,32704,32959,1,1,1,0,0,0,1,1,1,1,1,1,1,1
5176,DevilKing\'s Field,32512,32767,32704,32959,1,1,1,0,0,0,1,1,1,1,1,1,1,1
5177,DevilKing\'s Field,32512,32767,32704,32959,1,1,1,0,0,0,1,1,1,1,1,1,1,1
5178,DevilKing\'s Field,32512,32767,32704,32959,1,1,1,0,0,0,1,1,1,1,1,1,1,1
5179,DevilKing\'s Field,32512,32767,32704,32959,1,1,1,0,0,0,1,1,1,1,1,1,1,1
5180,DevilKing\'s Field,32512,32767,32704,32959,1,1,1,0,0,0,1,1,1,1,1,1,1,1
5181,DevilKing\'s Field,32512,32767,32704,32959,1,1,1,0,0,0,1,1,1,1,1,1,1,1
5182,DevilKing\'s Field,32512,32767,32704,32959,1,1,1,0,0,0,1,1,1,1,1,1,1,1
5183,DevilKing\'s Field,32512,32767,32704,32959,1,1,1,0,0,0,1,1,1,1,1,1,1,1
5184,DevilKing\'s Field,32512,32767,32704,32959,1,1,1,0,0,0,1,1,1,1,1,1,1,1
5185,DevilKing\'s Field,32512,32767,32704,32959,1,1,1,0,0,0,1,1,1,1,1,1,1,1
5186,DevilKing\'s Field,32512,32767,32704,32959,1,1,1,0,0,0,1,1,1,1,1,1,1,1
5187,DevilKing\'s Field,32512,32767,32704,32959,1,1,1,0,0,0,1,1,1,1,1,1,1,1
5188,DevilKing\'s Field,32512,32767,32704,32959,1,1,1,0,0,0,1,1,1,1,1,1,1,1
5189,DevilKing\'s Field,32512,32767,32704,32959,1,1,1,0,0,0,1,1,1,1,1,1,1,1
5190,DevilKing\'s Field,32512,32767,32704,32959,1,1,1,0,0,0,1,1,1,1,1,1,1,1
5191,Ivory Tower Underground Warehouse,32704,32895,32768,32959,1,1,1,0,0,0,1,1,1,1,1,1,1,1
5192,Ivory Tower Underground Warehouse,32704,32895,32768,32959,1,1,1,0,0,0,1,1,1,1,1,1,1,1
5193,Ivory Tower Underground Warehouse,32704,32895,32768,32959,1,1,1,0,0,0,1,1,1,1,1,1,1,1
5194,Ivory Tower Underground Warehouse,32704,32895,32768,32959,1,1,1,0,0,0,1,1,1,1,1,1,1,1
5195,Ivory Tower Underground Warehouse,32704,32895,32768,32959,1,1,1,0,0,0,1,1,1,1,1,1,1,1
5196,Ivory Tower Underground Warehouse,32704,32895,32768,32959,1,1,1,0,0,0,1,1,1,1,1,1,1,1
5197,Ivory Tower Underground Warehouse,32704,32895,32768,32959,1,1,1,0,0,0,1,1,1,1,1,1,1,1
5198,Ivory Tower Underground Warehouse,32704,32895,32768,32959,1,1,1,0,0,0,1,1,1,1,1,1,1,1
5199,Ivory Tower Underground Warehouse,32704,32895,32768,32959,1,1,1,0,0,0,1,1,1,1,1,1,1,1
5200,\N,32704,32895,32768,32959,1,1,1,0,0,0,1,1,0,1,0,0,1,1
5300,\N,32640,32895,32704,32959,1,1,1,0,0,1,1,0,0,1,0,0,1,1
5301,\N,32640,32895,32704,32959,1,1,1,0,0,1,1,0,0,1,0,0,1,1
5302,\N,32640,32895,32704,32959,1,1,1,0,0,1,0,0,0,1,0,0,1,1
5303,dungeon of crack low,32704,32895,32768,32959,1,1,1,0,0,0,1,1,0,1,0,0,1,1
5384,dungeon of crack middle,32704,32895,32640,32831,1,1,1,0,0,0,1,1,0,1,0,0,1,1
5435,dungeon of crack high,32704,32959,32704,32959,1,1,1,0,0,0,1,1,0,1,0,0,1,1
5501,Halloween event,32704,32959,32832,33087,1,1,1,0,0,0,1,1,0,1,0,0,1,1
5701,\N,32576,33023,32512,32959,1,1,1,0,0,0,1,1,1,1,1,1,1,1
5801,\N,32512,32831,32704,33023,1,1,1,0,0,1,1,1,1,1,1,1,1,1
5802,\N,32512,32831,32704,33023,1,1,1,0,0,1,1,1,1,1,1,1,1,1
5803,\N,32512,32831,32704,33023,1,1,1,0,0,1,1,1,1,1,1,1,1,1
5804,\N,32512,32831,32704,33023,1,1,1,0,0,1,1,1,1,1,1,1,1,1
5805,\N,32512,32831,32704,33023,1,1,1,0,0,1,1,1,1,1,1,1,1,1
6041,\N,32768,32895,32768,32895,1,1,1,0,0,1,1,1,1,1,1,1,1,1
6051,\N,32768,32895,32768,32895,1,1,1,0,0,0,0,0,0,0,0,0,1,1
6201,Valentine's Day Party Place,32768,33151,32768,33151,1,1,1,0,0,0,1,1,1,1,1,1,1,1
6202,Valentine's Day Party Place,32768,33151,32768,33151,1,1,1,0,0,0,1,1,1,1,1,1,1,1
6203,Valentine's Day Party Place,32768,33151,32768,33151,1,1,1,0,0,0,1,1,1,1,1,1,1,1
6301,\N,32704,33023,32768,33087,1,1,1,0,0,1,1,1,1,1,1,1,1,1
6302,\N,32640,33023,32576,33087,1,1,1,0,0,1,1,1,1,1,1,1,1,1
6303,\N,32640,33023,32576,33087,1,1,1,0,0,1,1,1,1,1,1,1,1,1
6311,\N,32704,33023,32640,32959,1,1,1,0,0,1,1,1,1,1,1,1,1,1
6312,\N,32640,33023,32576,32959,1,1,1,0,0,1,1,1,1,1,1,1,1,1
6313,\N,32640,33023,32576,32959,1,1,1,0,0,1,1,1,1,1,1,1,1,1
6321,\N,32640,32959,32576,32895,1,1,1,0,1,1,1,1,0,1,1,1,1,1
6322,\N,32640,32959,32576,32895,1,1,1,0,0,1,1,1,0,1,1,1,1,1
6323,\N,32640,32959,32576,32895,1,1,1,0,0,1,1,1,0,1,1,1,1,1
6801,\N,32640,33023,32576,32895,1,1,1,0,0,0,0,0,0,0,0,0,1,1
6901,\N,32512,32831,32704,33023,1,1,1,0,0,0,0,0,0,0,0,0,1,1
7001,Submarine Volcano,32576,33023,32640,33087,1,1,1,0,0,1,1,1,1,1,1,1,1,1
7100,Halloween event,32704,32959,32832,33087,1,1,1,0,0,1,1,1,0,1,0,0,1,1
9000,Secret Research Lab of The Past,32576,32895,32640,33023,1,1,1,0,0,0,0,0,0,1,0,0,1,1
9100,Ivory Tower Secret Research Lab - Hardin,32704,32767,32832,32895,1,1,1,0,0,1,1,1,1,1,1,1,1,1
9101,\N,32640,32831,32768,32895,1,1,1,0,0,0,1,1,0,1,0,0,1,1
9102,\N,32704,32831,32768,32895,1,1,1,0,0,0,1,1,0,1,0,0,1,1
9202,Ivory Tower Secret Research Lab - Orim,32704,32767,32832,32895,1,1,1,0,0,0,1,1,0,1,0,0,1,1
9990,\N,32640,32959,32576,32895,1,1,1,0,0,1,1,1,0,1,1,0,1,1
9991,\N,32640,32959,32576,32895,1,1,1,0,0,1,0,1,0,1,0,0,1,1
9992,\N,32640,32959,32576,32895,1,1,1,0,0,1,0,1,0,1,0,0,1,1
9993,\N,32640,32959,32576,32895,1,1,1,0,0,1,0,1,0,1,0,0,1,1
9994,\N,32640,32959,32576,32895,1,1,1,0,0,1,0,1,0,1,0,0,1,1
9995,\N,32640,32959,32576,32895,1,1,1,0,0,1,0,1,0,1,0,0,1,1
9996,\N,32640,32959,32576,32895,1,1,1,0,0,1,1,1,0,1,1,0,1,1
9997,\N,32640,32959,32576,32895,1,1,1,0,0,1,0,1,0,1,1,0,1,1
9998,\N,32640,32959,32576,32895,1,1,1,0,0,1,0,1,0,1,0,0,1,1
9999,\N,32640,32959,32576,32895,1,1,1,0,0,1,0,1,0,1,0,0,1,1
16384,Inn,32704,32767,32768,32831,1,1,1,0,0,0,1,1,0,1,0,0,1,1
16896,Inn,32704,32767,32768,32831,1,1,1,0,0,0,1,1,0,1,1,0,1,1
17408,Inn,32704,32767,32768,32831,1,1,1,0,0,0,1,1,0,1,0,0,1,1
17920,Inn,32704,32767,32768,32831,1,1,1,0,0,0,0,0,0,1,0,0,1,1
18432,Inn,32704,32767,32768,32831,1,1,1,0,0,0,1,1,0,1,0,0,1,1
18944,Inn,32704,32767,32768,32831,1,1,1,0,0,0,1,1,0,1,0,0,1,1
19456,Inn,32704,32767,32768,32831,1,1,1,0,0,0,1,1,0,1,0,0,1,1
19968,Inn,32704,32767,32768,32831,1,1,1,0,0,0,1,1,0,1,0,0,1,1
20480,Inn,32704,32767,32768,32831,1,1,1,0,0,0,1,1,0,1,0,0,1,1
20992,Inn,32704,32767,32768,32831,1,1,1,0,0,0,1,1,0,1,0,0,1,1
21504,Inn,32704,32767,32768,32831,1,1,1,0,0,0,1,1,0,1,0,0,1,1
22016,Inn,32704,32767,32768,32831,1,1,1,0,0,0,1,1,0,1,0,0,1,1
22528,Inn,32704,32767,32768,32831,1,1,1,0,0,0,1,1,0,1,0,0,1,1
23040,Inn,32704,32767,32768,32831,1,1,1,0,0,0,1,1,0,1,0,0,1,1
23552,Inn,32704,32767,32768,32831,1,1,1,0,0,0,1,1,0,1,0,0,1,1
24064,Inn,32704,32767,32768,32831,1,1,1,0,0,0,1,1,0,1,0,0,1,1
24576,Inn,32704,32767,32768,32831,1,1,1,0,0,0,1,1,0,1,0,0,1,1
25088,Inn,32704,32767,32768,32831,1,1,1,0,0,0,1,1,0,1,0,0,1,1